Name,Adress
বই বাজার,"Dhanmondi, Dhanmondi, Dhaka 1205, Bangladesh"
Evaly Zays Official Store,Facebook Page: www.facebook.com/zays.com.bd -- WhatsApp-01612804222 (Any issue Please inbox our FB page or Whatsapp Number)
KhaM Express,"facebook.com/KhaMBangladesh, Agrabad, Chattogram."
Amar IT/আমার আইটি,"# অডার নেয়া বন্ধ আছে # আমার আইটি#দোকান-১৪#লেভেল ৬#ইস্টার্ন মল্লিকা শপিং কমপ্লেক্সে , এলিফ্যান্ট রোড, ঢাকা ১২০৫। https://www.facebook.com/AmarITsolutionBD call:-WhatsApp-wechat #01829542903"
Sanju International,"521/2 South Goran,(1st floor) ,Khilgoan, Road No : 32, Dhaka-1219"
Molla Traders,"Shop# 45,New super market,Baitul mokarram,Gate no-01,Dhaka-1000"
Sadiq Online Store,"(1) Collection Point:-Naohata,Mohadevpur,Naogaon (2) Collection Point:-Subuzbag,Bogra Sadar,Bogra"
Patwary Enterprise,"New Market City Complex, 04th Floor, New Market Area, Dhanmondhi, Dhaka"
Sports one,Maulana Basani Hockey market ..shop name sports one..7/a
Global Collection,"Dhaka, Dhaka, Bangladesh"
Deal Mart,"Road No 19, Dhanmondi, Dhaka, Bangladesh"
BD Gadget box,"Shyamoli, Shyamoli, Dhaka, Bangladesh"
Nazrul Telecom,"Dc court, Sharif market, Shariatpur."
Evaly Flora Limited Official Store,"House #8 (1st Floor), Road # 14, Dhanmondi, Dhaka-1209. Email: info@evaly.com.bd"
Amazan bd e- commarce Ltd.,"Shohidul manson, Level-0 , Kolabagan 4 rastar more,Jhenaidah sadar. Jhenaidah-7300"
Rayyan's Point,"South Paikpara, South Paikpara, Dhaka, Bangladesh"
MUKHOSH,"Jatrabari, Dhaka-1236"
E Tread bd,"Chomuhona, Maulvi Bazar, Bangladesh"
Maa Machinaries & Electronics,"221, 2nd Floor, Shah Plaza, Dakshin Halishahar, Bandartila, Chittagong 4218, Bangladesh."
Evaly Dream Electronics BD Official Store,"Dream Electronics BD, Shop-302, Level-3, Suvastu Arcade it Park, New Elephant Road, Dhaka-1205, Mobile :01730482933"
Origin Starters,"Section-6 Block-a Road-2 Mirpur, Dhaka, Bangladesh"
M/S Wazed Enterprise,"21,shorafatvhobon,95 North Bisil,Mazer Road,Mirpur-1,Dhaka-1216"
Shwapno Electronic and Furniture,"Luxmipura,joydebpur,gazipur."
Al Madina Enterprise,"106`1 Shahid Ayub ali main road, Ward no.3, DSCC, Dhaka-1219"
Bornoenterprise,"6 New super market,1205 Dhaka"
Quick Collection,Mirpur Dohs
MitalyShopbd.com,"Line-4, Block-A, Section-6, Mirpur, Dhaka-1216"
HM Corporation,"Mujib Sarak, Sirajganj"
Rayhan Enterprise,"Haji Ramij Uddin Super Market, Horinhati, Kaliakoir, Gazipur- 1751"
Cotton Kraft,"563, Kazipara Bus Stop, Begum Rokeya Avenue, Dhaka, Bangladesh"
M/s ECO SANITARY,gulisthan siddiqe bazar
BIKERS ZONE,https://www.facebook.com/BIKERS-ZONE-102285667959302/
Early Shop,"41/3 / KA ,Jigatola Kacha Bazar , Dhanmondi -1209"
Family Care,"Rajshahi, Rajshahi, Bangladesh"
The Time Series,"20/a,Zigatola,dhanmondi , Dhaka, Bangladesh"
Imam telecom,"46/1,purana paltan, sobhan mansion(6th floor) Dhaka-1000,Bangladesh"
My shop,"#Flat 247/248,#Block CHA, section 02,Mirpur,Dhaka 1216"
Power Lynx Electronic,"4,Kabi Raz Goli Ln, Dhaka, Bangladesh"
Trops,"116, Matikata Dhaka cantonment, Dhaka cantonment"
Makhraj International Ltd.,"House#6, Larmini Street, Wari, Dhaka-1203. Mobile: 01741495850"
Desh Bangla Telecom,"Saleha Super Market, adamjee EZP, siddhirganj, Narayanganj"
Mohima Fashion,"Sneha Tanha place, 149 East jurain, Road no 1. Dhaka -1204"
Box Techs,"Store: Level: 5, Block C, Shop No: 58/A,69/A, Bashundhara City Shopping Complex, Panthapath, Dhaka Corporate Office: Two Star Tower, 4th Floor 178 East Tejturi Bazaar, Dhaka- 1215"
FASHIONER,"House#06, Road#11, Nikunja-2, Dhaka"
Grrihoshoily,"See More Product in Facebook Page - www.facebook.com/Grrihosoily"""
Books Garden,ঢাকা (অর্ডার করার আগে ফোন দিয়ে স্টক জেনে নিবেন অথবা Whatsapp এ নক্ দিবেন)
Rupok fashion,"House 6/3/4 Nobodoy Housing, Main Road Block : C Mohammadpur"
Comilla Computer,"Shop No: 5020-21, New Market (4th Floor), Kandirpar, Comilla."
Madina Enterprise,444 Ashrafabad road kamrangir chor dhaka 1211.
BISMILLAH ENTERPRISE,"আউসপাড়া,সফি উদ্দিন রোড,কলেজ গেট,টঙ্গী, গাজীপুর"
shahidul store,ব্রাহ্মণদিয়া বাজার সাইদুল স্টোর বিশেষ দ্রষ্টব্য: শুধুমাত্র শপথেকে নিতে হবে কোন প্রকার হোম ডেলিভারি বা কুরিয়ার সার্ভিস প্রদান করা হবে না
NOVEL HOVEL,"ঢাকা, বাংলদেশ (অর্ডার করার পূর্বে ফোন করে স্টক এবং প্রোডাক্ট সম্পর্কে জেনে নিন)"
GADGET KHOR,"Shah Kabir Mazar Rd, Dhaka 1230, Bangladesh"
Recharge,"C,K Gosh Road,Mymensingh"
Accessories Source BD,"West Nandipara Road, Khilgaon,Dhaka, Bangladesh"
সাফা ষ্টোর,Bangladesh
European Sports Shop,Nabisco / Nakhalpara Tejgoan
Bd Fashion Gallery,"1188/2 East shawrapara, kafrul, Dhaka -1206"
Bean Bag BD,"126/1, R.K Mission Road, Gopibag, (Beside Gopibag Jame Mosjid, 4th lane) Dhaka."
ASIAN Generation,shantinagar
IDYLL KART,"120, Momin Road , Kadam Mubarak , Chittagong - Bangladesh."
Ojon Scale Corporation,"13 Swadeshi Bazar Rd, Mymensingh 2200, Bangladesh"
,9 courtland road e6 1njt London Uk
RAIYAN ENTERPRISE,"143/1 Meradia, Dhaka 1219, Bangladesh"
Fitness House BD,"Calling Time: 10 AM to 5 PM. 10 Bango Bandho Avanue, ** Inside Dhaka free Home delivery only small product.. ** Outside Dhaka, Delivery charge applicable.."
RaaZ,"House No.- 96, Shukrabad, Dhamondi32,Dhaka 1215, Bangladesh"
Smart Gadgets Bangladesh (BD) Evaly Official Shop,"Shop No. 250 (1st Floor), Motalib Plaza, Hatirpul, Dhaka."
RAFI SHOP,Bangladesh
Gadget & Gaming Zone,"Shimanto Square , Level:02,Shop NO: 245,Dhanmondi-02,Dhaka."
,
ShahojBD,Dhaka
,
Safwaan Fashion Gallery,"Uttara, Dhaka-1230"
Nondon butiks,MEF SANTER SSK ROAD FENI
,
,
BridgeNet,"Shop no 409-410, Yunosco City center, GEC Mor, Chittagong"
,
Alex shop,House 2 road 10 block E mirpur 12 Dhaka 1216
Iran Communication BD,"Shop-405, 3rd floor, Motaleb Plaza, Hatirpool, Dhaka-1205"
Iran Communication BD,"Shop-405, 3rd floor, Motaleb Plaza, Hatirpool, Dhaka-1205"
Kortherhat Electronics,"Kortherhat Bazar, Lalmohan, Bhola"
EWorld International,"1st floor, Baitul Fazal Masjid Market, Mohammad Pour, Dhaka-1207"
Budget in pocket bd,146 hazaribag dhaka 1209.
Insaf Online Shop,"Mirpur-10, Opposite of BRTA , Dhaka-1216,Bangladesh"
,
,
Garden Support,(Seed Quality Guarantee) Shipping Time: 2-15 Days Approx
,
Mony Jute Goods and Handicrafts Industries,"82/E/1, Madartek, Dhaka-1214"
Green Life,"Chandgong, chittagong."
BShop BD,"house 166, jouge goli, hatirpool, dhaka"
Evaly Aponzone Official Store,"House #8 (1st Floor), Road # 14, Dhanmondi, Dhaka-1209."
boitopia.com,We are not currently Taking Orders. We are in the process of ending our journey with Evaly.
ToonMat,"Narayangonj,Bangladesh"
Sports Al Madina,"46,BB Avenue, 4 floor, Somobay,Towin Tower,Dhaka"
AZNOOR TRADING,"Mohammadpur,Dhaka-1207"
M/S New Savar Timber & Furniture,"Anandopor, Ganda, Savar, Dhaka"
Evaly CleanTech Engineering Official Store,"Road-16, House-1, Section-10, Block-C, Mirpur, Dhaka-1216"
BEAUTY ATTIRE,"397 Dhaka New Market, Dhaka- 1205"
M/S New Savar Timber & Furniture,"Anandopor, Ganda, Savar, Dhaka"
Sustech,"1002 CDA Ave, Opposite to Hotel Lords Inn, GEC, Chittagong, Bangladesh"
Evaly CleanTech Engineering Official Store,"Road-16, House-1, Section-10, Block-C, Mirpur, Dhaka-1216"
Rent A Book,https://m.facebook.com/rentbookeasily
Dream Box,Dream Box এ শপিং করার জন্য আপনাদের কে ধন্যবাদ ।
Inspector GaDGEt BD,প্রোডাক্ট অর্ডারের পূর্বে সেলার কাছে ফোন করে জেনে নিন.স্টক আছে কিনা?
আফাজ-ফিরোজা ইলেকট্রনিকস,Bangladesh
Casual Shoes,"442 Baniuara kutir, Dhaka Road,Beside SA Poribahon , Tangail 1900, Bangladesh"
MZ Furniture,"Ga-64, Madhya Badda, Bepari Tower Shopping Complex,Dhaka 1212, Bangladesh Shop No- 117-118"
Life Touch,"Dhaka, Bangladesh"
Sky Sea Shoes,"Shop 8, 119 Jahanara Bhabon Elephant Road, Dhaka 1209, Bangladesh"
Nagordola,"82/6 East Tejturi Bazar, (GF floor) Karwan Bazar Dhaka 1215"
Proneta,"Senpara Parbata Ln, Dhaka 1216, Bangladesh"
Singapore Tiles & Sanitary,"Post: Naldanga, Upazila: Kaligonj District: Jhinaidah,Divison: Khulna Dhaka,Bangladsh"
Clean Force Limited,"House#824/C, Road#01, Bosila Road, Mohammadpur, Dhaka-1207"
GreenPower Electronics,"77/1, Flat-E2, Lake Circus, Kalabagan, Dhaka 1205"
A. Z INTERNATIONAL,"Dinajpur, Bangladesh"
Torol Fashion,"Matikata Rd, Dhaka, Bangladesh"
Projukti Team,"Dhaka , Bangladesh"
GIVE N TAKE,"House# 2212, T N T Road, Bahadur Bazar, Dinajpur 5200, Bangladesh"
Sarker enterprise,"Shyamoli para, Ullapara 6760, Bangladesh"
A.B.C ONLINE SHOP,"Pabna, Bangladesh"
Beasy,Warehouse #Shyamoli Square
Mandal Electronics,"Barishal, Bangladesh"
Mazida & Sons Furniture only for Dhaka Metro,"1043, Begum Rakeya Shoroni, Shewrapara, Mirpur."
Choto Shaheb,Mirpur 2
MADTECH,"25A & 25B,Green Garden Tower,3rd Floor,Green Road,Dhanmondi,Dhaka-1205"
One Ummah Bd,"Shop 1: 220 Brac Shopping Center, Azompur Railgate,Uttara, Dhaka 1230, Bangladesh"
Araf Telecom,"Shah Ali Plaza, Araf Telecom, Shop :45, Level 3, Mirpur 10, Dhaka 1216, Bangladesh"
Nabiad Distribution,"Dhanmondi, Dhaka 1209, Bangladesh"
Jibontory Technology Limited,"511/2, West Nakhalpara, Tejgaon, Dhaka-1215"
Marvel Fashion,"10 Adabor Main Rd, Dhaka, Bangladesh"
Dukpion.com,"44/8,1st Floor,West Panthopath,Opposite of Samorita Hospital.(Head Office)"
The Gadget zone,"Tongi Cherag Ali, Gazipur City Cor. Gazipur."
Evaly Sharif Electrical Industrial official store,"16/2, Kazi Abdul Hamid Lane, Rohol Amin Electric Market(1st floor), Dhaka-1100, Bangladesh."
Gadget N Gallery,"Mohila College Rd, Dhanbari, Bangladesh"
MinMax Tech Ltd.,"Pirojali (Pagla Market), Hotapara, Gazipur."
XL Fashion,"1/A/B 2nd Colony,Mazar road,Mirpur-1, Dhaka, Bangladesh"
SMART ELECTRO,"302/a, Sholimullah Market Mirpur - 1, Dhaka, Bangladesh"
ki lagbe........,jame mosque Road Sonaimuri Noakhali
Eagle Point,"Mojaffar Biponi Bitan, Main Road, Naogaon"
Torpedo,"House-79/10, Block-M, New Airport Road Chairman Bari, Banani"
SADIA CORPORATION,"Shop Plot: 1/26, Kalshi Road, Pallabi, Mirpur, Dhaka."
Akter Electronics,"ছায়রা মার্কেট, স্টেশন রোড, ফেনী"
HAMKO Electric & Electronics,"House #2, Road #2, Block #J, Baridhara, Dhaka 1212"
First Rays,"Tropical Alauddin Tower, Level-10, Plot No - 32/C, Road - 02, Sector - 3, Uttara, Dhaka-1230"
Blue Star Communications. (only shop pickup),"Shop No # 248, Anamika Concord Shopping Complex, 1st Floor, 583 Begum Rokeya Sarani, Shewrapara, Mirpur."
Citadel,"Dhaka, Dhaka, Bangladesh"
Sharif Enterprise,"147/9 Gobindapur, Koborstan Road, Matuail, Jatrabari , Dhaka 1236, Bangladesh"
sylhet enterprise,"Hazrat Shahjalal Rd, Sylhet, Bangladesh"
Steel Design Center,"Chittagong,Bangladesh"
Trust Fashion BD,"236 New Elephant Road, Sheltech Sierra, Shop No #216, Level - 3, Dhaka-1205,"
City mega shop,"BUET Market, 150 Zahir Raihan Rd, Dhaka, Bangladesh"
PC PLACE,"PC-PLACE-F-508-Khandokar-Hoque-Tower-3th floor , kandirpar, cumilla"
Moto Care,"Panchagarh-Banglabandha Highway, Tetulia Bus terminal ,, পঞ্চগড় 5000, Bangladesh"
I TECH,Bangladesh
S.R WATER TECHNOLOGY,"Mohakhali DOHS, r# 30,H#437,L# Ground Floor,Dhaka"
Ramzan Store,"Sumilpara, Shiddhirganj,Narayangonj Bangladesh"
SM Traders,"Golapganj, Sylhet, Bangladesh"
Makeup GHOR- মেকআপ ঘর,"Lake Road Gulbagh, Lake Rd Gulbagh, Dhaka, Bangladesh"
NAYON TELECOM,"SHOP-06/07, BALALUDDIN MANSION, SHENPARA PARBATA, MIRPUR-10, DHAKA-1216."
Avalon Global Corporation,"Dhaka, Dhaka, Bangladesh"
TRR Electronics,"Savar City Center, Savar Union, Bangladesh"
NKN ENTERPRISE,"Petrobangla,Feni Sadar(Customer have to pay Courier charge)"
NijolCreative,www.nijolcreative.com
Axiserv,"Bismillah Tower (4th fl), Holding# 146, 147, 148, shop# 14,15,16,17, Midford road, Imamgoan, Dhaka-1100"
Dhaka Bazar,39/A 2nd floor Islami Somaj Kollan Mosjid Goli Senpara mirpur 10 dhaka 1216
Alien Tech Computers,"Suit # 237, Level # 01, Aloka Nodi Bangla Complex, 4 Rambabu Road, Mymensingh."
Brand Gallery,"25/c gulzar tower, 1st floor, chawk bazar, chittagong"
Overstock bd,"House# 05, Road # 01, Section# 07, Mirpur-11, Dhaka-1216"
s.m.talukdar sewing,"Notun Bazar, Kacha Bazar Market, Vatara, Dhaka-1212 www.facebook.com/evalyviki/ E-mail - arif38519@gmail.com"
Color Point Media Corporation,"180/4/B, Titas Road, East Rampura, East Rampura, Dhaka, Bangladesh"
Badsha Corporation,"Shop Number#9, Hair And Care, Main Road, Block#D, South Banasreee, Goran, Khilgaon, Dhaka"
Rajshahi Variety Store,"Kharkhari, Rajshahi, Bangladesh"
Lily Sports,"8, moulana bhasani Hokey stadium,dhaka-1000"
Daily Needs Super Shop,"Dhaka, Bangladesh"
Wear Bangladesh,"Section 7, Dhaka 1216, Bangladesh"
absolute iT,"SK Sharif Uddin Super Market (1st Floor)Shop No:92-113,Bogura."
LIKE LUNGI & COMBOL HOUSE,"Narsingdi Sadar Upazila, Bangladesh"
Islamia Computer Technology,"46, 48 New Elephant Rd, Dhaka 1205, Bangladesh"
MH Experience,"MH Center, Tulsiganga Bridge, Bogra - Santahar Rd, Naogaon 6500, Bangladesh"
Patwary Electronics,"Cumilla, Bangladesh."
Heya Enterprise,"8C6F+6J Bunagati, Bangladesh"
IT SOLDIER BD,"Shop No-73, Sena kollan Market, comilla Cantonment"
MA Garments,"Kushtia - Jhenaidah Hwy, ঝিনাইদহ 7300, Bangladesh"
Lesty Clothing,"55, Setu Building, Zoo Road, Mirpur-1, Dhaka"
Metroshine,"154 Motijheel Rd, 154 Motijheel Rd, Dhaka 1000, Bangladesh"
M/S Masud Enterprise,"Chittagong, Bangladesh"
Microtech Interactive Ltd.,"4th Floor, Suit #7 & 8,Mahatab Center 177 Shahid Nazrul Islam Sarani, BijoyNagar, 1000"
TAKSHAL.COM,"KA-11/2A, Havely Center, Level-5 Bashundhara R/A Main Road Dhaka-1229, Bangladesh"
Rasel Motors,"Rasel Motors, Tangail - Jamalpur Highway Opposite of Madhupur Upozila Health Complex, মধুপুর 1996, Bangladesh"
Dyu Publication,"1st Floor, Mozumdar House, 274/2 S J Jahanara Imam Sarani, Elephant Road, Dhaka-1205"
Mouse Potato,"10, Shekhertek-03, Adabor, Dhaka 1207"
XARID,"2/3 asek lane, Islampur Dhaka, Bangladesh"
baazaarr,"Middle paik para mirpur,1 dhaka-1216"
TisDif e-Card,"11/4 Free School street, Kathalbagan"
Tech Smart BD,"ঠিকানা: 216/2, Sheal Tech Sierra, 236 নিউ এলিফ্যান্ট রোড, ঢাকা 1205"
Milestone Chem,"2 Armenian Street, Armenian Plaza (2nd Floor), Dhaka-1100"
N.R Computer,"1029 Tat Bazar Market (Ground Floor), Bhulta, Rupganj, Narayanganj"
Z & F trading,"House 30, Road 5, Block G, Bonosree Rampura Dhaka 1219, Bangladesh"
SPICE'S WORLD,"Merul Badda, Merul Badda, Dhaka 1212, Bangladesh"
Wasiqa Enterprise,"144,145 co-operative market 2nd floor mirpur-1,Dhaka."
S.R CROCKERIES,"35,Udayan School Road,Munshi Market,Dhakshinkhan,Uttara,Dhaka-1230."
JH Brothers,"House 30, Road 5, Block G, Bonosree Rampura Dhaka 1219, Bangladesh"
Al Ansar Foods,"Al Ansar Foods, Dhaka - Demra Hwy, Dhaka 1361, Bangladesh"
SPRAY ROSE INTERNATIONAL,"Flat 2/A, House 36, Hazi Para, Uttar Badda."
Charmin Bangladesh,"Room no-207,2nd floor,48/A-B,purana paltan Dhaka-1000 ( baitul khan bhaban )"
J.S Trading,"Shop: 1A-014, DNCC Corner (1st Floor), Zone: A, West Court, Jamuna Future Park, Baridhara, Dhaka-1229"
M/S MA HARDWARE,"MSS/ Maa Hardware, Sharup Nagor, Near By Islam petroleum pump."
Gym World,"404/A, 3 floor, Anannya shopping complex, D,O,H,S , Baridhara, Dhaka_1206"
New Bangladesh V.I.P Sports,"New Market Overbridge, Chittagong, Bangladesh"
RBS Enterprise,"Gulistan Bus Stop, Banga Bandhu Ave, Dhaka, Bangladesh"
Evaly Food Express Dream Cafe Mirpur -1,"1/A/B 2nd Colony, Mazar Road, Mirpur -1 Dhaka-1216 opposite of Prime University, 1st floor of Shawpno Express Building."
Alzeena,"14/22 asad avenue Town hall , Mohammadpur , Dhaka, Bangladesh"
Noha Electric,"Kishoreganj, Bangladesh"
Alpha Motors,"1/1A,New Eskaton road, Dhaka ,Oriental Bangsal Motors Parts Market, Shop No B-2"
Global Hi Tech,"Shop-561, Level-5, Shyamoli Square, Mirpur Road, Dhaka, Bangladesh"
SA BD. DOT COM,"House# 05, Road # 01, Section# 07, Mirpur-11, Dhaka-1216"
Arosh,"Shop-33, Level-2,Block-D,Bashundhara city"
Dhrubok Books,https://www.facebook.com/dhrubok.books
Adarsha Mart (Regular Shop),"105 Manikdi Bazar Road, Dhaka, Bangladesh"
Lungi Para,"Kushia sadar, kushtia"
Zoomer Craft,"Raisa And Sikdar Tower, House 3/8, 60 Feet Road (Kamal Sarani), North Pirerbagh, Mirpur, Dhaka"
Gadget Sole,"Tokyo Square, Japan Garden City, Ring Road, Mohammadpur Dhaka, Bangladesh 1207"
ezadu.com.bd,"44/1,new market city complex, biswash builders, shop-08,4rth floor, Dhaka 1205 FB-page : Facebook.com/ezadu.com.bd Mob-01923909594"
Digital Locker House,"House#43, Shop#47, Alam Arcade Market, Gulshan 2 Circle, Dhaka-1212"
PRO BIKING GEARS,"Dhaka, Bangladesh"
M.H Leather and Footwear,"Hazaribagh, Bangladesh"
Abshara's BabyLand,"Urdu Road, Urdu Road, Dhaka, Bangladesh"
Stylist Sparrow ( Demo Shop ),"Dhaka, Bangladesh"
Smart Home,"Station Rd, Kishorganj, Bangladesh"
MAKING Eng.,Dhaka ( Very Fast delivery Any place)
M/S Sara Enterprise,circuit House aufside thakurgaon sadar
Gamer's Outlet BD,"Dhanu Haji road, Siddhirganj, Narayanganj"
AUSSIE WEAR,"Jalsha Market,Chittagong"
Bangla Mart,"156 Senpara, Mirpur-10"
RoniTech,"DEPZ HASHEM PLAZA, Ashulia, Savar, Dhaka."
Mr.Jeans Fashion,"Bandar,Narayanganj"
MAK CREATIVE,Feni
Fashion Club,Dhaka
Urban Touch,"Tongi BISCIC, Gazipur"
Mukta Timber & Furniture,"Dak bangla road, Chhagalnaiya, Feni 3910"
Oze Services,"Flat 2A ,House#2, Road#3, Block#D, Kaderabad housing Ltd. ,Katasur,Mohammadpur"
Golden Rose official store,"Nurjahan Sharif Plaza (5th Floor) 34, Purana Paltan, Dhaka-1000"
Lungi bazar,"shahzadpur, Sirajgonj, শাহজাদপুর, 6770"
Paramount general traders,32-33 chawk circular road Dhaka 1211
Dhaka trade international,53 Motijheel B/A Dhaka 1000
MM fashion & Beauty Store,Mirpur
DnM Outfit,"Akrain Bazar, Birulia, Savar, Dhaka"
Saurave Enterprise,"B-block, shajahanpur, Bogura"
The Meem Furniture,"Shatatkul Road,North Badda,Dhaka-1212"
Tailor,"CDA 23, House No 1/10, Agrabad Chittagong"
Ten11lounge,"M A Aziz Stadium Market East Side,Beside swimming pool,Kazir Dewri,ctg"
G Tag Solution,141/Faidabad main road mazar road Azampur Uttara Dhaka
Gadget Shop BD,Delivery Time 5 to 10 Days
"LA BOURSE PARIS Official Store, BD (A Concern of Mahabub Trade Int)","59/2, Purana Palton"
Tarango Mela,"44/2, Mohammadpur Housing limited, Mohamadpur,Dhaka"
ayaat.com.bd,"House-08,Ground Floor,Road-01,Block-B,Section -12,Mirpur,Dhaka-1216"
Selim Beej Bhander,"Jibannagar, Chuadanga"
Apon International,"8/A Kazi Alauddin Road, Bangshal, Dhaka-1100"
"Evaly Bullet Express Bengal Meat Sector 03, Uttara, Dhaka","House No. 34 Road No. 1, Sector No. -3, Jasimudden Ave, Uttara, dhaka"
"Evaly Bullet Express Bengal Meat Dhanmondi, Dhaka","H-55, R-4/A, Sat Moshjid Road, Dhanmondi, Dhaka-1209"
"Evaly Bullet Express Bengal Meat Banani, Dhaka","Block-K, Road No. 27, House-8, Banani, Dhaka-1213"
"Evaly Bullet Express Bengal Meat Moghbazar, Dhaka","79, Outer circular road, Moghbazar, Dhaka-1217"
"Evaly Bullet Express Bengal Meat Niketon, Dhaka","House no: 4/A/1, Road Number: 2, Niketon Gate: 1, Gulshan 1, Dhaka."
"Evaly Bullet Express Bengal Meat Kolabagan, Dhaka","Alta Plaza Market, Ground Floor, Shop No: 1/1, H-01, R- 10, Kalabagan, Dhanmondi, Dhaka- 1205"
"Evaly Bullet Express Bengal Meat Shantinagar, Dhaka","Green Astoria Park, 156 Shantinagar, Dhaka."
"Evaly Bullet Express Bengal Meat (DSS) Mirpur, Dhaka","586 Shawrapara, Begum Rokeya Sarani, Mirpur, Dhaka"
"Evaly Bullet Express Bengal Meat Sector 07, Uttara, Dhaka","House no 29, Sectore 07, Sonarga Jonopoth Road, Uttara, Dhaka-1230"
"Evaly Bullet Express Bengal Meat Bashundhara, Dhaka","Genius Shopping Centre Ltd. 24/4/A, Sarkar Market, Bashundhara Road, Badda, Dhaka-1229."
"Evaly Bullet Express Bengal Meat Taltola, Dhaka","960/385/B, Shahid Baki Road, Khilgaon, Taltola, Dhaka-1219"
"Evaly Bullet Express Bengal Meat Rupnagar, Dhaka","House no-1/1, Road no-30/ka Mirpur Rupnagar R/A Rupnagar, Dhaka"
Pure Distribution,"Banani Model Town, Banani Model Town, Dhaka, Bangladesh"
Reliance Technology,"Dhaka, Bangladesh"
Imran Enterprise BD,"153 Mitford Rd, 153 Mitford Rd, Dhaka, Bangladesh"
SmarTechX,www.facebook.com/smartechxbd/
KS Electronics & Gift Corner,Product Available আছে। প্রকারভেদে প্রোডাক্ট ডেলিভারি পেতে ১৫-২০ দিন সময় লাগতে পারে । Baridhara-DOHS.
NETCO,"218, New Elephant Road, Dhaka"
Tech Shop,"Shyamoli, Ring Road, Dhaka-1207"
D Care,"Bangladesh, Bangladesh"
Gulshan Packaging BD,"45-36, D.C,C Market, Kacha Bazar(Ground floor) Gulshan- 2,Dhaka 1212"
New Shuveccha Saree Bitan,"Gouripur Bazar,Daudkandi,Comilla"
zooIT,"Happy Arcade Shopping Mall, 2nd FLR, Suite 34, Holding 3 Rd No. 3, Dhaka 1205"
Cox Shutki & Motsho Bitan,"Cox's Bazar Sadar, Cox's Bazar"
AB Tech BD,"Wakil Tower, Ta-131, Gulshan Badda Link Rd, Dhaka 1212, Bangladesh"
M/S Lutfor Enterprise,"13/14,Masjid-Market,Bagerhat bazar, Munshiganj Sadar, Munshiganj, Dhaka"
Golden Technology,"SSK Road, Feni"
Freedom Fashion,"Gawair, Dakshinkhan,Dhaka"
planters.com.bd,Pabna
Quick Bazar BD,"36 Jigatola , Dhanmondi, dhaka, Bangladesh"
Adil Enterprise,"Shop No:123, 3rt Floor New Market Biswas Builders Dhaka-1205"
Vivian Mode,"56 panthapath, dhaka"
Fashion On Go,New Market City Complex 2nd Floor 111 Dhaka-1205
UK Belleza,"242 east kafrul, F#k6, Mitu Propertis, Dhaka cantonment"
Water Solution Bangladesh,"H-19, R-07, Pallabi, mirpur-12, Dhaka-1216, Bangladesh"
Winner Import & Export,"Box Tower,5th floor,Cheragali, Tongi,Gazipur"
Rupali Enterprise,"Baburbari, Rampal, Bagerhat"
HIGHWAY SERVICE CORPORATION,"HOUSE 12 ROAD 4 SENPARA PARBATA, MIRPUR-10, DHAKA-1216"
HeadLine,"11 Kalshi Rd, 11 Kalshi Rd, Dhaka 1216, Bangladesh"
Unicorn,"256 West Agargaon,Sher-E-Bangla Nagor,Dhaka-1207"
M R TRADE,"HOL:NO-432,BANGABARIA,NAOGAON"
Kazi Battery & Electronics,"Sadarpur, Sadarpur, Bangladesh"
ProGears,"1/2 kosaytuli lane, Bongsal Road, Dhaka-1100"
Finex BD,"L-5, H-15, R-13, S-11, Uttara"
City Handicrafts,"39/4, South Jatrabari(1st Floor), Dhaka-1204"
Lumens Electronics,"N.K. Super Market, Chariya Shikar, Salanga, Sirajganj - Chandaikona Rd, সিরাজগঞ্জ, Bangladesh"
JC STORE,"""Islambag, zia sarani Road, Dania, kadamtali, Dhaka South City Corporation,"""
Grieo Online Service,"House #8 (1st Floor), Road # 14, Dhanmondi, Dhaka-1209"
Nano Zoom,"Badda, Dhaka-1212"
DEMO SHOP,"Dhaka,Bangladesh"
Innovative Water Technology,"Mirpur 10, Shah Ali Bag, Dhaka, Bangladesh"
camera and gadget,Mirpur Shopping Center
PIE International Education,"House#114, Road#12, Block#E, Banani , Dhaka 1213"
Fitness plus Gym and health club,"Gulshan Branch : House 7A, Road 41, Gulshan 2, Dhaka 1212. Uttara Branch :SB Plaza, plot 37, Sector 3, uttara model town C /A. Dhaka 1230. Bangladesh."
OLIDA LEATHER CRAFTS & FOOTWEAR,"House-470, Road-6, Avenue-6, Mirpur DOHS, DHAKA-1216, Banglades."
Uni Plus Traders,"09 Zila Parishad Market(ext.), East Aganagar, Shuvadda, South Keraniganj, Dhaka"
ASIQ TELECOM,"Shop No# 71 (4th floor), Rajuk Commercial Complex, Sector #07, azampur, Uttara ,Dhaka"
M/S AMIR HASAN STORE,manikganj
Arena BD,"Shop- 418, New Super Market, Dhaka-1205"
PQ,"218/11 6th Floor, Begum Rokia Soroni, Main Road Mirpure, Dhaka"
DS COMPUTERS,"Feni, Feni, Bangladesh"
KT Footwear Bangladesh,"Dhaka, Bangladesh"
Red In Green,"House No #38, Road no #S/5, Block #F, Eastern Housing, Taltola Bazar, Pallabi, Dhaka 1216"
GRACY BAZAR,Ka-32 Shahjadpur Gulshan
Doctor shop Bd.com,"house no- 55, road-hazi din mohammad Avenue, Dhaka Uddan, Mohammadpur, Dhaka"
Jakkash,"Wazi Complex-31/C, Topkhana Road, Segun Bagicha, Dhaka-1000"
E Mart,Dhaka New Market City Complex 1205. 1st Floor
Laka Style,"sheha-Tanha place,5th floor,flat no-5/A. 149, East Jurain,daroga bari road,(near of Darus-Salam Masjid) Dhaka-1204"
Hello64.com,Dhaka
